id,review
"""12311_10""",  naturally film s main theme mortality   nostalgia   loss innocence surprising rate highly old viewer young   craftsmanship completeness film enjoy   pace steady constant   character engage   relationship interaction natural showing need flood tear emotion   scream fear   shout dispute violence anger   naturally joyce s short story lend film ready structure perfect polished diamond   small change huston inclusion poem fit neatly   truly masterpiece tact   subtlety overwhelming beauty  
"""8348_2""",  movie disaster disaster film   great action scene   meaningful throw away sense reality   let s   word wise   lava burn   steam burn   t stand lava   divert minor lava flow difficult   let significant   scare I think actually believe movie bad significant talent film   I mean acting actually good   effect average   hard believe somebody read script allow talent waste   I guess suggestion movie start tv      look away   like train wreck   awful know come   watch   look away spend time meaningful content  
"""5828_4""",    movie kid   tonight child love   point kid s excitement great sitting impossible     I great fan   milne s book subtle hide wry intelligence childlike quality lead character   film subtle   shame disney benefit movie story contain page     doesn t permission use   I find wish theater replay    winnie pooh tigger     instead   character voice good   I bother kanga   music     twice loud dialog   incongruous film story   bit preachy militant tone   overall   I disappoint   I excitement child s face I like lumpy s laugh     
"""7186_2""",  afraid dark leave I impression different screenplay write   short feature length film   splice clumsily frankenstein s monster good   protagonist   lucas   creepy   hard draw bead secondary character   far sympathetic afraid dark achieve mediocrity approach     lucas simply psychotic confuse instead ghoulish   I want pack asylum rest character normal life  
"""12128_7""",  accurate depiction small time mob life film new jersey   story   character script believable acting drop ball     s worth watch   especially strong image   I I view     year ago young hood step start big thing   try   thing wrong   lead local boss suspect end skim   good place enjoy health   life film introduce joe pesce martin scorsese   present perennial screen wise guy   frank vincent   strong characterization visual   sound muddle acting amateurish   great story  
"""2913_8""",     valuable king tut s tomb    ok   maybe valuable   worth hunt    I notice comment movie year   I hope fresh post spark new comment   film I remember snippet childhood   recently I tired wait fox honour past   hunt korean dvd   english   unremovable korean subtitle    I win t long plot description    suffice time proper widescreen format leave I agape vista scope film   matte painting hold   palace set truly breathtake   small scale detail lend film depth richness   offer glimpse lifestyle egypt s poor elite   bazaar   hovel   dock   embalm house   tavern fascinating pharaoh s throne room   error abound large scale   notably dynastic succession    detail meticulously research vast majority hollywood s film   visually   s flaw    interior overly light colourful blend seamlessly exterior     movie credit audacious small large   tedious     absolutely   overact   underacted   yes        understate   apt description   long   absolutely   I wish spend time sinuhe s experience house death   hittite     romance   nefer     historically inaccurate   yes     shakespeare   chastise   I appreciate historical accuracy guy   ultimately remember cinema theater   history lesson  
"""4396_1""",  big misfire    script nice end lot actor play maybe I movie slightly grade   maybe hollywood remake movie little actor director sorry guy disappointment movie bad I watch like torture   I don t want spoil s opinion   advice watch movie   u like vote vote watch      way     fun watch    don t peek    watch   till end               
"""395_2""",  movie I watch   wonder   I watch   I find interesting   truck driver   I didn t find realistic     I ve use   lot lizard    I   hear travel country brand new seventy thousand dollar rv   thing pimp sample lady question   end movie     didn t           buck   cut    prostitute                     cut   yeah      I laugh lot lizard comment ivey   s lot lizard   ll screw     buck   man dress woman     equally weird    mean     prostitute   pay   s story young woman want life dead end job live home   s      remember    embarrass mother basically thing   dead end job    roof head job   turn trick road     I wonder          worth   d guess  
"""10616_1""",  bad movie I ve year   I ve lot movie    act terrible   plot whatsoever   point whatsoever   I feel rob I rent movie   recommend I mind   disgrace terrible movie   stay away terrible piece c   p   save money   
"""9074_9""",  medical student   kevin bacon   david labraccio   william baldwin   dr   joe hurley   oliver platt   randy steckle   julia robert   dr   rachel mannu   kiefer sutherland   nelson   experiment clandestine near death    afterlife experience    search medical    personal enlightenment     medical student s heart stop   revive temporary death spell experience bizarre vision   include forget childhood memory   flashback like child s nightmare   revive student disturb remember regretful act commit   experience afterlife   bring real life experience present   continue experiment   remembrance dramatically intensify     physically overcome     probe    transcend deeply death afterlife experience attempt find cure dvd release        motion picture release          kevin bacon   william baldwin   julia robert    kiefer sutherland early stage adult acting career   plot extremely intriguing   suspense building dramatic climax    script tight    convince   young actor    flatliner     star cult semi sci fi suspense   know     year ago film career young group actor skyrocket   I suspect director joel schumacher  
"""9252_3""",   mill floss   novel mary ann evan   write male pseudonym george eliot   I try read dull turgid novel year ago   unable finish   I ll review film version solely merit   I don t know faithfully follow original novel film s opening credit print old english typeface suggest mediaeval period   s poor choice film    th century set    hand   halfway film   close shot handbill advertise estate auction   handbill set authentic victorian type font   look     convince    film extremely convincing depiction architecture clothing early    th century england   precise location film s story disclose      judge actor   accent    d place cotswold   warwickshire plot     involve mill change hand couple time   couple decade   rival family   wealthy work class   I disagree imdb reviewer claim james mason small role film   mason large central role drama   scion wealthy family   spoilt petulant tom tulliver   mason darkly brood impetuous   performance belong film   I want   wuthere height   recast mason heathcliff multi generational saga   george eliot   middlemarch     main role film split actor apiece   child actor prologue   adult main narrative   prologue film feature write scene   establish tom tulliver wilful bully rag early age   young philip wakeham decent thoughtful   hard labour   philip earn halfpenny   tom try bully away   unwilling coin brute force   want philip       child actor movie   male female   talented attractive   unfortunately   child speak dialogue posh plummy voice accent utterly unlike accent actor actress play role adult   discrepancy attention staginess material   regrettably   later scene good prologue climax feature crowd labourer rainstorm   pace photograph early scene   modern viewer   britain     long sort material seriously     practically british comedian    trouble t   mill   squire    comedy routine   parody precisely subject matter   I difficulty watch movie straight face character actress martita hunt good small role   opening credit   old english typeface   misspell forename   marita    I ll rate dull movie    point      point apiece jame mason s performance   early scene child   authentic victorian typeset auctioneer s handbill  
"""9896_9""",  I film phoenix film festival today love   synopsis list program    old shakespearean actor invite child suicide party     I wasn t sure I I read I like idea    suicide party    sound interesting I      old shakespearean actor    I worry film kind dry bore   I decide try   I glad I   dry boring   dialogue great   funny clever way   pretentious difficult understand   peter falk terrific role   steal   I pleasantly surprised laura san giacomo s performance   usually bug I   I enjoy watch film   I think judge reinhold s actor   time kind cheesy look like act   like watch character   movie good I able forgive actor s awkwardness   I recommend film tell people soon available general public   know suicide hilarious  
"""574_4""",    love letter    movie clever   waste   focus letter wreak havoc small town   movie star cast   tom selleck alice drummond recently co star super hilarious           upset small town    great   look drug place   I t tell people camera try      sure didn t accomplish   tragic   potential laugh riot got sorrowfully waste  
"""11182_8""",  fantastic offering monkey island team long time come survive departure ron gilbert s worthy installment   gripe little short comparison previous   glorious lack disk swapping   roll mi   
"""11656_4""",  include disk    short   volume       dull collection short film   short favorite style film people assemble second collection hard time find quality content   wasn t nearly good volume short collection   short film feel like s woefully incomplete   story   unanswered viewer   like I   feel bit leave unfulfille film begin woman   boyfriend westie   s dog   way   lonely beach   lady speak accent   time   bit difficult follow   I hard hear   I sure love close caption     boyfriend swim nap   awaken   dog   panic guy follow look dog   spend time argue disagreeable     blue   stop sex   later   find dog   end story far character   dysfunctional unlikable   fussy demand lady contempt   wonder   little sex break bond like characterization   I find people irritate unreal   like caricature people meet know     payoff isn t worth wait   want guy naked   
"""2322_4""",  I m abbott    costello fan   I enjoy    s       honest   wasn t movie inspire I watch work   wasn t bad   mildly amusing scene   actually convincing giant play buddy baer     fame duo esteem generally hold   I I expect   story   pair stumble babysitting job   reading jack    beanstalk bedtime story   kid read costello    costello s jack fall asleep dream story   s    wizard oz    kind feel story   character dream equivalent real life acquaintance jack   movie open black    white shift colour dream sequence   fight scene jack giant dance scene jack polly   dorothy ford   amusing movie   polly   course   lead question movie    happen   jack gang apparently leave giant s castle   I know    dream   care      I wonder   couple cute song dance routine      year old giggle bit   able appreciate humour   I find acceptable timewaster   certainly convince abbott costello comic genius       
"""8703_1""",  movie dreadful   biblically inaccurate   mose     year old lead people egypt   movie   mose flee egypt   year   wander year   mose      year old die   deny privilege cross promise land   I realize movie use lot    poetic license    biblical account isn t long     biblical movie need reflect fact know   general flavor main biblical character   movie fail aspect         version problem   theatrically  
"""7483_1""",  I don t think I ve       rating   easily denomination   I find hard sit joke   s joke bad   combine fact carson daily zero charisma   t set finish punchline   ve late night comedy recipe turn stomach I watch   entirety   time   creep I conan   I usually watch minute carson daily bad talk host actually interview guest   s   interview   I feel sorry time guest confused smile try mask body language s scream     I hell away freak     I recommend watch   laugh   ponder   air s   watch   I think find complete awkwardness    interesting  
"""6007_10""",  excellent story telling cinematography   poignant   bite social commentary superb effect   film act   parallel action present travel adventure     time drag little      hr    interrupt flow story I read book child   enjoy giant tiny people     book lose I float island land    yahoo       adventure plot sound like child s story   s fact adult story   symbolism moral decay england time jonathan swift   author novel film base  
"""12424_4""",  I completely forget I d couple day   pretty reveal   umpteenth version gaston   phantom opera   leroux s lock door country house mystery   I hear engaging witty update   appear likable title sequence neat touch opening scene   film quickly grind halt vaguely tedious wholly unsatisfying mystery major problem fundamentally unsolvable audience   like bad agatha christie   depend character appear final act wealth background information privy   film   comedy thriller   crucial problem characterisation non existent   exception killer   face value version typical suspect typical country house murder story    reporter   endanger heiress   suspicious fianc    scatterbraine scientist father   surprisingly poor michel lonsdale    etc   s depth little interest   frequently ripe misjudged performance don t help   frankly don t care   s jeopardy suspense   claude rich   reel   pierre arditi work   reel film close sense resonance fleeting effective rest   endless exposition couple ineffective comic set piece   promising photographer trap inside grandfather clock poorly think pay    dennis podalyde reduce irve explainer picture   I m fond country house movie agatha christie style whodunit   cit lot slack   I find poor   rich mystery reveal     s disappointment    
"""4672_1""",  I like action movie   I softspot    b    flick bad dialogue wooden acting     I ve wrack brain come guilty pleasure bad blockbuster   I t   d hard press big piece cr p bruce willis vehicle armageddon story   I use term loosely   team    super driller    fly destroy asteroid destroy earth   realistic     care   s action flick   I m blast premise minor spoiler movie begin couple scene design introduce threat character   bruce willis tough nail leader team   spend bit screen time chase ben affleck gun unforgiveable act sleep daughter   reason   didn t I laugh   force   like movie team people wide world drill asteroid   okay   I m prepared accept premise action    suppose meat movie   attempt humor   character crazy   nutty thing blast     lame   finally     s movie pi   e I   arrive rock   set work   believe   work right suspenseful countdown     whoah              oh   surprise surprise save day   don t I start jerky camerawork   I theater I think I sick   I assume try cover gargantuan hole leave insipid performance cut away different shot second   raise mtv    mr short attention span   I think couldn t bad     wait    s manufacture tearjerker ending tacked rest film virtual citizen kane summary   witticism weren t witty   plot      I I d let   acting bad   bad   billy bob couldn t rise script   bad   camerawork      bad    I didn t mention dumb love scene history motion picture    think animal cracker   rate           I m half point steve buscemi   I smile half point time I able look lovely liv tyler attempt ignore act performance   far away bad movie I ve theater      
"""10841_3""",  bad sandra bullock movie speed    bad   I lose blue    special effect     guy   insomniac girl movie   I sleepie  
"""8954_7""",  watch flick saturday afternoon cable   man   drag   I metaphor   symbolism   stuff     I didn t care way sexuality character     pacing story scripting I sleep       ruth marshall naked   breast man homo phobic   want rent   ruth lesbian sex scene s pretty hot   hetero sex scene notch high standard movie fare   jiggly d cup film worth watch    mighty avatar
"""7392_1""",  I    tkia    high expectation   influence opinion   I dogme film   tkia   far bad   story intertwine theme shakespeare s play   king lear   succeed capture audience care   directing actor loose   dogme style movie   result poor undefinable act   story lack dynamic whatsoever   I lose interest shortly   scene film shock viewer   I don t think enhance story   mifune sidste sing festen dogmefilm prove direct   good storyline   I shall look forward dogmefilm future   aake sandgren s    invisible man dogme      prove lift quality     like vinterberg s k   jacobsen skilled educate director  
"""10288_8""",  credit writer director gille mimouni fashion winding   twist tale deceit betrayal   utmost control   maintain audience arm s length   allow completely aware going   clever denouement guess central performance class   vincent cassel   romane bohringer monica bellucci utmost add mystery   jean phillippe ecoffey supplement strength support role   away plot detail character specific fair thierry arbogast use camera effectively sweep enigma   cardine biggerstaff s editing story step ahead   theme peter chase sublime marriage ideal script gille mimouni try confront deep issue love   I simply haunting   elusive riddle weave fascinating web   french capable tantalisation   hollywood ruin happy ending monday   march            hoyts croydonno thriller like french   right   right vincent cassell intriguing deceptive max   romane bohringer obsessive new lisa   monica bellucci mysterious lisa   plot gille mimouni whirlwind deliberate deception fatally cross wire credit manipulation clever plot   performance lead   lucien   jean phillippe ecoffey strong emotional friday   january             video
"""5343_4""",  writing teacher   end I allow student use     I wake       I got run truck     I add     I bump head     I feel s utterly unfair use trick cover lack imagination   issue transmigration handle intelligence craft     film   couldn t wouldn t   I m s totally worthless   predictable progress   stupid end   gangster police help guy   immediately   s forgettable   borderline horror sci fi film   new offer  
"""4950_1""",  I don t know decent review weak horror comedy I ve   englund cameo performance unnecessary lame attempt joke   scare    direction terrible acting bad   like year producer try evil dead weak unoriginal attempt step memory true horror classic filmmaker    isn t remake    s throwback   unoriginal opinion    hatchet   people try plug horror classic   mislead wo nt lack scare   horror   comedy   decent movie matter avoid cost    
"""9257_4""",  film release uk blood rite   ban outright submit release ghastly   supposedly hit horror hungry denizen new york city s famed    nd street grindhouse circuit   look bloody horror   find film unfortunately developmentally disabled colin   hal borske   chomp live rabbit   shaky    mm camera work ed wood look positively marvelous sister spend day family homestead husband old man s money disburse   naturally   situation   people start drop dead   family secret expose lot blood spill   especially gruesome dismemberment maybe bunny bit brit object   I know I  
"""8689_3""",  uncle fre olen ray little retromedia    goodness    form soft core cinemax non classic numb nut pair look rock come swirling vortex    black hole    intelligent dolt   pretty soon attractive cave girl million year ago happen time line bed way future   pretty soon studly half way future blaze path bed future ray deliver passable   barely   smut f horrible acting decent skin   yeah s barely titillating heh   bad come bad cure insomnia s    review            
"""4480_2""",  ok   s watchable sick bed   suspension disbelief require movie significant     today s modern society believe college coed commit short period time    virtuous    habitat volunteer like autistic kid      week romance blossom letter exchange lead john s    conflict    enlist right              ask   guy know gon na sit sideline tower come husband I love proud   john s character flat   s nearly expressionless entire movie   s good looking spec op    unsure confident   quiet instead hell raiser   tattoo      fight    preppy boy push match    walk cover head nearly movie    military technical flaw   epaulet upside     war scene dumb    john guy head    huh    guy gets shoot john drag     foot start buddy aid secure area arrival cover    s gunfight god s sake   don t stop fight    heck I want shoot john   home   truth reveal spill wine    hate remove shirt presence    wth   break heart tease adultery   s head case trollop   good movie drive away    self respect honor   overall unbelievable story generally care character love   dismal  
"""9286_10""",  I allow watch program entire life   I definitely pick    chaser s war     satirical australian television   I find    chaser    funniest   amazing   boy aren t afraid s dress hitler polish club   push massive ball string melbourne try tourism ad s rock coke factory naked bath        buy water   chaser boy agreement comment       chaser s war    popular previous program    cnnnn     cnnnn funny   unforgettable moment     clean cambodia     classic stop I rant far   I strongly advise chaser chance   ll likely find hilarious     
"""12245_10""",  truly terrific   touching film   female melodrama fine   lot comedy   great dialogue   character write   woman relate story s classic   love    mr   right    interest guy completely wrong come fall head heel love   course   s simplistic   character real performance perfect   movie hilarious   scene skewer society   I d recommend film love write screenplay humor melodrama   relate character plot unexpected direction   great   underrated movie  
"""7529_7""",  pepe le pew creep totally sweep foot   way   t help feel little awe behold classic wb character   commentater personally believe pepe inspiration animate casanovas today cartoon network s    johnny bravo    disney s lumiere    beauty beast     unique brand love making wonder today s world antic normally slap sexual harassment warrant    m distance victim   particular cartoon   world weary cat decide ultimate makeover earn respect change pretend skunk     pepe arrive promptly pursue unfortunate feline overwhelmingly enthusiastic love groundwork pepe s trademark lay cartoon   adorable    frenchify    love aggravatingly calm hop chase   cartoon far world cartoon fantasy concern   ardent wooer distance    beloved    pig eon    leave dust trail  
"""4_4""",  alas   costner movie hour long   credible performance   script hurry   offer unrelated string event far story   script center randall wife   randall fischer   fischer thoma   end   real story develop character artificially prop monologue party   singer explain randall   randall explain fischer     finally   long don t care anymore   learn script meeting   ending doubt proffer decision   end result   use         hang past     th yawn   ll able pick   despite transparent attempt gain point dedication coast guard   wash day  
"""5299_2""",    shorty       sight       jackie brown           pick      folk finally elmore leonard right   good movie work     despite student   warning bad movie   I couldn t resist rent   I think   bad   oy   mistake   especially right heel read book   lame   circularly self referential     relative rest elmore leonard s book     book movie   leonard trump weak unskilled screen writer try book   dialogue write steven tyler painful watch   lyric character linda moon s song   middle schooler write depth   sad   sad   sad   star   harvey keitel uma thurman fun screen   andre       didn t complete fool  
"""12077_8""",  I live parent air dutch tv   usually I watch movie s care   sit watch movie   kinda movie use air wednesday evening   story woman ll die soon   die want sure       kid good possible foster parent   watch dad    emotional   start cry   I follow immediately long sister mother tear     totally simple heartbreaking story   want good cry    
"""10701_2""",  movie stink     final fight look like walker grandmother   supernatural demon strength man   I find commercial interesting   plot twist joke come mile away   redeem quality film end   avoid cost    enjoy bad chuck norris movie  
"""11579_1""",      spoiler alert      boyfriend   friend   I rent movie marathon bad movie   sort know   lack plot   direction   special effect actually leave hope great   passable   fight scene main character     badly render swimming cobra super violent giant komodo   eat people like scoop ice cream      sort end   cut short possibly budget time constraint   redeem quality laughably bad   salient detail point reader   I recommend movie cut onion cry  
"""10993_1""",  bad movie I       far   story hesitate silly thriller dumb comedy happen   void fill long   boring dialog don t sense   cast famous doesn t bring emotion fast forward play   happen plush seaside hotel look gloomy   comparison      shine    funfair   nb   lot user think locate french riviera   wrong   isn t south france   nice   canne   totally opposite   cabourg    normandy   simple beach d day   s sea grey sky isn t sun  
"""8913_1""",  I love watch steven seagal movie action great plot hole I laughoh I laugh hard movie totally point ridiculous compare movie pearl harbor rock     ben affleck need act school impression bad isfirst goof bad act bad like steven try jail chopper land security notice lead land fly away sudden guard start shootingor kill guy car treach walk away t oil ground steven notice oil watch treach trow light car blow upand plenty goof steven use basic action point gun grab shoot totally bullshit     like gangster let happen acting bad fight scene jail outdoor place steven clearly wait come action rewind couple time notice bad actingit I laugh I hope day come cinema s holland I ll friend possible laugh self death
"""1350_3""",  I tonight fall asleep movie I    I fall asleep movie I love original time recommend   problem I think   couple bright spot right movie work bette anne use miscast I know english matter let condition bill sex city   chance I like sex city lot disappoint movie waste money movie     
"""3804_2""",       s redeem social value sequel original poseidon adventure   heck people original   include rescue crew   michael caine undergo humiliating performance date   later trump jaw    road    slim picken embarrassing stereotyped texas   generally wonder     bother     irwin allen s stab cash disaster craze   I guess  
"""5025_3""",  rossini describe rival composer wagner s work    wonderful moment    awful quarter hour     inuyasha     describe way   great episode   countless filler episode   entire series consist      episode   I d      filler sort subplot   I didn t bother count I wouldn t surprised number fact high     filler episode actually enjoyable   silly dull   nonetheless   constant digression start wear thin season plot end progress labored crawl series   character development     slow greatly later season   cast unchanging   result increasingly stale joke   particularly concern monk   s ironic trait start mildly humorous grow tiresome joke associate appear repeatedly     isn t inuyasha bad series   isn t great series way neon genesis evangelion   example   generally consider   watch end hard day   nice   confuse high art  
"""5170_8""",  watch hallmark channel   I surprised john denver   movie clich s   expect   tv christmas movie   come    acting good      s tv movie   story   I   predictable clich    good   look campy christmas movie   certainly scratch itch I pleased I learn place georgetown   colorado   real mountain town west denver   cool home region I big john denver fan   I find pretty foney   decent actor   good good old boy like play film chance watch     I m sure       
"""8225_8""",  ronald coleman star screen year talkie come   boost career   oxford english accent enthral I listen recite farmer s almanac bored coleman play willie hale      ish playboy wealthy family spend time womanize gamble     s likable rogue    likable standpoint audience family friend   broke constant gambling sell possession foreign location settle debt provide passage home england     meet father insist ll kick    s willie layabout way     minute room willie charm   willie forgive dad   dad pound boot willie day s recreation sister friend   dorothy hope   loretta young    dorothy set engage grand duke paul night   mainly dad want royalty family   special life   change day willie   soon scandal brew dorothy refuse marriage plan ronald coleman delight watch early talk film sam goldwyn play confident adventurer cad   demeanor akin errol flynn   unable display flynn s physical agility disabling wound receive world war I     lack physical agility coleman agility soul   loretta young       picture   beginning trademark sweet girl erupt ball fire occasion   myrna loy play willie s girl past    mary crayle    showgirl   myrna play similar exotic vamp got stick warner brother contract player       shortly movie       pretty light breezy romantic comedy start finish   mood kind escapist entertainment lighten heart audience great depression   little film fit bill  
"""6427_7""",  footprint interesting movie somewhat difficult categorize     psychological thriller    appropriate description I think   female protagonist   alice cespi   discover doesn t remember day   clue torn photo hotel   haunt recur   vivid   dream science fiction movie believe year ago   pursuit truth amnesia doesn t trust   little little obvious visit town hotel locate   exciting flick main virtue virtually impossible predict event unfold   particularly   end   unusual loneliness main character unreliability ensure good old paranoid feeling present film   beautiful color spectacularly film sequence visually attractive movie   important nicoletta elmi   s time favorite redheaded obnoxious child star italian horror   extra bonus  
"""3165_3""",  love story american journalist eurasian lady doctor contain conflict   largely westernize   having study london    firework   behave restrain   little interest story manage raise knock far wooden dialog   suppose cosmopolitan intellectual   talk word mouth hollywood hack   movie suffer amazing lack realism    completely deserted beach crowded little hongkong   overrun million chinese refugee   presumably accomplish american journalist    s doesn t know hysterectomy   hollywood idea   finally    song     hear estimate time movie   start right credit   tend loose emotional impact   sorry  
"""7902_9""",  typical indian film   great sense humanity   character pretty realistic   great dynamism interpersonal relationship   sense guilt   grief   passion   passivity character     feel heavy burden       year layer layer history social existence old civilization   final scene elephant walk away rural area great footnote ancient civilization     human relation preserve nurture   dvd   interview director main actress interesting   surprised learn movie     india       maybe surprised    artistic patrimony rural society slowly lose inheritance pick young generation   old musician movie long live today   great film  
"""8208_3""",  movie try     acting horrible   past incredibly bad delivering line terrible emoting   plot interesting   shipwreck occur   apparently string balsa wood    couple guy find shore   weren t bad   guy count de sade live   live fear pirate utterly insane     large slave   young woman   dog   s woman doesn t speak wife   leper     thing bad man deal nut case   arrogant like pose deliver line   rest movie involve attempt escape   ironic ending I win t reveal kind rescue film   I wouldn t bother I  
"""3577_8""",    bad dream come like unwanted friend     marion fairlie   half sister   laura   live vast mid victorian country estate     night I find limmeridge churchyard   normally   people dead stay dead   normally criminal lock victim     normal happen       class gothic story madness   deception villainy   base wilkie collin   great novel victorian mystery   s good idea pay close attention   plot plot   center cunning ruthless scheme involve     money   lot money   marion fairlie   tara fitzgerald   sister   laura fairlie   justine wadell   devoted   marion fierce protective   laura soft romantic   marion money   laura inherit rich come age   marion marriage prospect know   laura pledge ago sir percival glyde   james wilby    altogether charming aristocrat   ward uncle   fussy   condescend   immensely self center hypochondriac   ian richardson    routine   young artist   walter hartright   andrew lincoln    engage teach draw artistic appreciation   arrive night local train station   carriage   set foot estate   dark wood encounter strange woman   dress white   wander speak thing understand   disappear   uneasy   yes   sister come realize strange woman look like laura   later   love emerge walter laura   bud bloom   misunderstanding send walter away result laura marry sir percival   canker gnaw   secret slowly come light relationship laura   marian woman white    learn deeply suspicious sir percival s intention    come enjoy style manner sir percival s close friend   count fosco   simon callow     eventually realize foul depth depravity   power honor true love   humanity capable   visit victorian insane asylum   fall high tower   dig open grave middle night watch retribution arrive amidst roar flame locked church     course   s grand journey   bbc masterpiece theater program feature fine act outstanding production value   fit collin       plus page novel television      minute mean good deal cut abridge   change likely achieve great impact little time available     term   production woman white opinion work moody   romantic   dark television tale   tara fitzgerald marion commanding performance woman determine protect save sister   james wilby sir percival manage clever feat slowly let depraved slime beneath skin   charm amidst villainy   ian richardson young woman s uncle steal   bossy pungent performance unbalance story time appear   weak main simon callow count fosco   count simply monster   supremely civilized charming   collin describe immense girth   callow fine   mannered job   I lack little monstrosity evil   point   marian tell     sister I fond gothic novel   act     little know store laura  
"""4865_1""",  I wonder I sit entire thing      minute actual entertainment   rest total bore   act isn t great action scene soooo cheesy s funny   I kinda wish I good film I t think right   probably enjoy ending ta dumb idea   type person little toy remote control helicopter burn machine gun assassinate president   idea place let dumb try   I guess writer obsess toy car scene dead pool actually try look  
"""9063_3""",  marathoner   I seriously disappointed film   target audience clearly run marathon   novice marathoner   follow story    time marathoner   senior   injure runner   elite prepare chicago marathon   film dedicate majority attention female beginner story   lack word   bore   I enjoy brief glimpse training session deena kastor   brief history boston marathon marathone general   let I emphasize   brief    watch joe runner prepare saturday run water bottle talk view marathon inspire   nonstop clich s achievement feel good grinning runner wish film hour short   time marathoner   film feeling    I       run away  
"""1106_1""",  I generally love type movie     time I find want kick screen   I t   I complain   absolutely idiotic   thing happen dead kid cool   alive people absolute idiot   I grown man   pretty big   I defend     I half stuff little girl movie     mother movie reckless child   point neglect   I wish I wasn t angry action I enjoy flick   number   advise fast forward end     sick watch movie film dark   anymore   hardly film   audience   impossibly involve action screen     hell t night vision  
"""1117_9""",  wonderful family movie    beautiful horse movie        entertainment   casey   buddy   kelly marsh interesting lovable character   horse real beauty horse race backdrop luck good commonsense   kid stupid thing stupid reason   adult stupid thing selfish reason   realistically portray character transform unrealistic theme film relate andrew rubin wonderful performance buddy sensible elder brother   somewhat remind I aidan quinn eye   speech delivery   facial appearance    casey fall love character earnestness   sarah blue nicely portray alexis smith   lloyd bourdelle   father   play walter matthau character room improvement movie   enjoyable   feel good movie  
"""1050_4""",  film half   detail life friendship boy   privileged pashtun trodden hazara   late    s afghanistan invasion ussr work extremely   young actor turn convincing performance afghanistan throw present situation stark relief real problem come later phase story join pashtun man live america   ancient debt young friend lead return homeland point thing break   central adult character clearly suppose sympathetic   fact come wimpish wallow self pity   hard care help feel interesting story    boyhood friend return afghanistan narrative bogge series highly contrive coincidence   remarkably manage come childhood enemy year immediately   look    despite chaos consume country   enable confront past demon way simply convenient credible   resolution narrative run awful   mawkish sentimentality undermine point film try possible start character abuse life symbol state tear apart world politic hard film engage wide political discussion   instead narrative reduce character s emotional journey self discovery heal   unfortunately character dull wrap hard engaged story   opportunity interesting film afghanistan waste  
"""10755_9""",  neglect harold lloyd actor   unlike chaplin keaton   lloyd didn t vaudeville music hall background wasn t natural comedian   come hollywood act   discover knack act funny     short   feature      lonesome luke     chaplin knock      glass character    american boy grotesque   lloyd find stride movie produce silent era develop reputation    daredevil    short   retain good movie     safety       heaven s sake       girl shy      popular chaplin keaton rich advent sound sound movie disaster      sound     dialog use movie lloyd s act skill   decade   gear silent   didn t bad voice   high pitch suit    glass    character   sound film weren t unqualified disaster legend   silent movie raise high art   especially lloyd s   stint budget extremely craft    introduction talkie movie learn walk misstep try time embrace sound   lloyd s good bit early   overly talky   talkie visual     scene    movie crazy    appear ride swank car   actually    hitch ride    bicycle try recapture daredevil antic famous      foot     misstep       safety     good movie   deservedly   shove lloyd box    daredevil comic     play determined young man   climb     safety    natural structure ascend character s scale building   obviously afraid   fear add humor      foot     arrive precarious building scale position accident   frantic cry help detract humor   character pathetic cringe   aspiration save neck     possibly accurate statement      s   amusing   harold lloyd mire past   like wacky norma desmond   embrace sound try movie different direction   grow change industry      foot    fail leave daredevil business satire talk movie industry     movie crazy     flounder movie    lonesome luke    carve place movie history glass character   try direction sound movie hit stride sound      catspaw       catspaw    play missionary s son rear china unwittingly gets elect mayor corrupt political interest   find truth   set task clean town   early   lloyd act brash young man    catspaw    box office failure   lloyd movie   include    milky way     chief competitor   chaplin silent movie keaton hopelessly mismanage     catspaw       milky way    suggest lloyd master sound comedy little young   audience benefit doubt early sound fiasco movie unfairly malign way lloyd s character clean town   suit   day    short    lloyd want scare audience   climax    catspaw    achieve   surprising way   trick reveal appear gruesome   come laugh view product time     catspaw    charming funny   write sound comedy   act lloyd   direct sam taylor   curious blend drama sly humor look like frank capra preston sturge comedy  
"""2729_8""",     park avenue address    mithi mithali     konkona   search movie begin     prof anu     shabhana azmi mithi s extremely caring love half sister mithi s mom s early marriage   movie revolve character look life schizophrenic patient   mithi    director try explain viewer imaginary world mithi   continuous blabbering anu   konkona deserve thousand award   I sure   rendition mithi movie   look patient write face   droop lip sleepy eye   scene   rahul bose good job   reduce half movie spite importance life watch intense relationship character movie   mithi    anu   anu    anu s mom anu    sanjiv   kanwaljit singh    shabhana azmi   usual riveting performance remember sister   sacrifice life mithi movie usual hindi potboiler   certainly people look schizophrenic patient different light altogether usual   aparna sen bring movie different ending clich d   think   hat   great movie    
"""10072_10""",  like madonna   movie hilarious    I madonna fan theater time release     time lose silliness pure fun   sure bad line    cheesy acting film screwball comedy madonna actually carry film great bombast   cute funny   comedic role movie career   madonna usually play     role watch nikki finn film   like somebody   course film direct jame foley   film dramatic haunt   close range   sean penn    christopher walken   co star griffin dunn    hour    brilliantly cast fun material   story genius don t expect climatic ending mood watch fun   clean      s romp madonna fan   soundtrack notable contain    madonna song       hit    s girl         hit    cause commotion    beautiful good ballad    look love        hit uk      t stop    left pop ditty   true blue   session year   vhs soon available dvd  
"""2904_7""",  film dvd   producer forget tittle importance moviegoer   egyptian   el cid favorite era wide screen   big budget epic merit   people generation learn lot history egypt   medieval spain incas    time I hear cheap adventure movie charlton heston treasure incas    happen I egypt   rome    bad    epic era   production value   excellent use color   de luxe color brigit sharp ordinary technicolor    maybe cast wrong case   film man ge idea life ancient egyptin way motor buy novel   mika waltari   good   good historical novel publish   oust ande superb score alfred newman bernard herrmann   I film time I boy   big box office hit fox studio want afther robe enormous hit   cinemascope stereo wonderful eye popping sp ectacle   I lasser disc version m way ito wdisescreen format   soon I hope appear  
"""4584_2""",  story dear people edinburgh s heart   true story change hollywood tale   end result movie know story totally different inaccurate   original movie tale walt disney oversaw use right breed dog crucial tale john grey special poor shepard die poverty inn   like story   watch disney original heart   warm story   s shame cast potential terrific remake classic tale   read book accurate occurrence story   like   visit real kirkyard edinburgh  
"""189_4""",        tangier   wealthy american woman child kidnap berber   murderous desert pirate scorn moroccan government     kidnap    american pestilence     attract attention u s   president theodore roosevelt   fictitious historical epic grand adventure peculiar   somewhat exhaustive throwback desert sheik film      s   bit    king I    interject      portray cloaked   mustachioe   bloodthirsty leader snippy   haughty captive   sean connery candice bergen act entirely different movie   know far carry camp element character dialogue   singularly proper direction      anonymous   slashing beheading occur arbitrary   don t know victim   big action scene blurry   noisy montage sand sweep violence horseback   plus   laud music score jerry goldsmith   oscar nominate   loser john william     jaw      fine location shooting cinematography             
"""6302_4""",    priscilla   queen desert    trot masterpiece australian cinema   I find disappointing   lead actor great    terence stamp age beautifully   guy pearce comedy instead dour role choose I ve fan hugo weaving I play oberon eon ago   cinematography great   ve australian outback   d know air clear light brilliant shoot movie equivalent box brownie look spectacular s problem     thing     sympathetic female character film   woman earn living shooting ping pong ball private roadside pub deserve sympathy   tick s wife doesn t treatment second   scene sing    I survive    group aboriginal offensive   try draw sort parallel struggle drag queen trannie total destruction aboriginal culture   I assume scene suppose   level historical understanding worthy paris hilton   great defect film isn t funny   stephan elliott actually talk drag queen write film   know drag queen     know rapier like wit afraid use     I understand lot drag queen banter probably film refuse classification elliott able gather    fit kiddy    material complete film     waste good idea great cast  
"""8138_9""",  short movie intend focus issue sociologically know cultured shock   film present condition average romanian democratic romania find life problem different communist period   want   bribe   main character fire long       need similar job   job available inferior   force lack money opinion live romania movie real tragic  
"""1262_1""",  wonder bad movie   stop wonder   I m tell   michael    heartwarme       entertain        travolta good     suck   I kid   I let watch deep throat michael sell john travolta   washed bald william hurt   die time jean stapleton highlight turd film wait    ll hear andie mcdowell sing   yeah   hollywood s   t  
"""2199_10""",  story sweeney todd evoke memory work classic writer like charle dicken   contemporary writer like edward gory   musical   naturally like musical les miserable   deal grim effect poverty industrial revolution   breakdown organized society   musical different les mis important aspect   stephen sondheim   songwriter adapt style   sure   s success failure   thing count   unique   think write musical barber slit people s throat meat pie   sondheim   marvelously   entire set factory   suggest present catastrophic effect misery society   serve need perfectly   catwalk railing suggest street walkway bridge   technique borrow kabuki noh   visual stagehand set change       cast great angela lansbury gruesomely practical humorous mrs   lovett   george hearn   operatic baritone voice   murderous todd   ve stellar musical vehicle   rest cast smoothly clich s love story perfectly   johanna pirelli   sound bit force   johanna pirelli broadway   perfect   hearn act sing len cariou obc album   accent don t sound force   sondheim s score fail underline dark seriousness story   I   adapt style   folly imitate     s     s style showtune   pacific overture capture subtle art asian music   wood knock     bar disney style song   assassin cover history american music       wonder score distinctly english   parlour song operatic duet soliloquy society waltz gilbert sullivan style patter     remain deadly   provoke laugh musical comedy     grim warning evil revenge   movie mistake   cut judge s solo flagellate guilt crime     judge conventional villain   movie s point straight villain   todd judge learn   late   horror accept responsibility action   todd lose obsession   bring chilling reprise grim rollick ballad sweeney todd   end todd lovett rise grave tell end   world sweeney   vengeance beget vengeance     attend tale sweeney todd   serve dark vengeful god   seek revenge lead hell     seldom sweeney   sweeney todd   demon barber fleet street    
"""6551_7""",  honest   I think movie japanese drama   I dead wrong   movie base popular japanese anime novel   tell story town curse uzumaki spiral english   little little town resident start slowly dangerously violently obsess spiral resident start actually turn live thing actually sort spiral snail movie giant   random   acid trip twist romance drama   sort like twisted drama   movie disturb way people obsess spiral   example   dad garage house hold object spiral incorporate   girl extremely long hair tease insanely huge spiral like style   kid slowly transform human snail   man twist body spiral shape   woman attempt cut ear open obtain cochlea inside teen run twist car tire kid stuff washer spiral disturbing aspect syndicate atmospheric tone style movie shoot   camera angle add psychotic twisted story   word   good cinematography   overall coloring picture somewhat demented story   coloring blend lime green   yellow little orange special effect spiral outstanding   like japanese film   undertone forbid love romance girl boy     spiral strange happening town hard relationship teen     way irrelevant   like second hand story actual story spiral obsess town overall   I recommend film anybody like vastly different bizarre foreign film   wackiness insanity   touch I  
"""8082_7""",  film remake       bbc serial friend charle     gallop material relatively short time I find fast enjoyable    unpretentious notice scene end john mill gas   producer obviously decide omit scene maybe censorship   notice s sit window flat deep breathing closely follow similar scene car window open   francis durbridge serial inhabit universe unexplained happening people    villain close hero victim predictable universe way rule    regulation  
"""4897_8""",    league gentleman   apocalypse   special screening manchester   mark gatiss reece shearsmith league attendance peter kay   brief cameo film   affectionately heckle q    session film film complicate   good way   funny   follow geoff tipps   hilary briss herr lipp try save fictional rosyton vasey disinter creator league play wide range character   character base   ably support cream british character comedy actor bernard hill   victoria wood david warner warner particular stand remind I smooth cut turn   time bandit   film swim reality allow denizen s rosyton vasey space grow usual limit comedy shtick steve pemberton s herr lipp great bretchian moment near end movie decision purpose meaning life bring lump throat unexpected moment surprise tender affection character echo mark reece q      plot league tired famous character spurious film love letter format start radio character base sketch   guy evolve idea far sustain movie journey fiction    reality    comedy   tragedy pleasing journey obvious character carry long form story     odd exist creation fan love   pay dedication attention detail spade   uninitiated little lose   joy log ability instantly tune acutely observe character stylistic leap farce expressionistic movie homage homage plenty include   shine     la belle et la bete    I spot ably demonstrate love cinema history segment       s england perfect sense engage movie I   I marvel   boggle   emote snicker definitely pull fail   successful british tv comedy cinema translation ve watch enjoy   league gentleman   past     enjoy haven t   rent buy dvd guy thank charming humorous q     
"""7360_1""",  review contain spoiler   I didn t expectation movie   I pull video store rack movie     white noise      credit stupid movie run    minute   pacing start finish slooooow   main heroine don t like wear bra director appear enjoy jiggle effect anna paquin descend stair   like movie booby   low level buzz factor second   s nice movie rip element lovecraft horror genre mechanism   movie   rational consistently irrational behavior   stinker try establish sense modernity reality situation police ve uncover treasure trove potentially incriminate forensic evidence   otherworldly ritual nicely spell comprehensive book otherworldly ritual like buffy   I wait mile consultation slay certain demon type premise possible open age darkness creature crawl ceiling cut throat turn meat grinder effect   ho hum   need sacrificial circle seven kid throat cut people love   open world age darkness   s complete detail book ancient occult ritual   raise annoying question   uh     write book know     happen   leave information book library   library world cover darkness   age bring lunatic perform like early use    occult practice bring world darkness dummy    nd edition     turn father story   th child   run away ritual     year ago   release father   doctor grandfather movie   want try ritual presumably   stupid parent   want dumb sh t like open world darkness actually work   grandpa let father    didn t love     aduh   stupid stupid movie write moronic director appear think s kind eurofilm auteur   s scene movie kid appear big welt face mother grab total lack reaction   movie like   people weird sh t react sort normal way   bad plot direction anna paquin good play character realistically crack smirk   look smash halter   critical moment story   character doesn t bother   know       I walk likely demonic evil situation knowledge defense help carry flashlight firepower I sense impend doom     dumb   bring age darkness   creature bloody t attack light source   appear people know   tell turn light source   remind I video game    dark     maybe movie rip game s concept good actor film young kid anna   die end   entire family die   darkness creature lead death     stupidity character family main cause death   adult interchangeable actor red shoe diary series fine cinema wrap   bad thing movie stupidity character bump blindly obviously abnormal situation   crap plot   old architect story design house sacrificial altar hide    architect suspect beginning occult sacrifice house doesn t tell     real reason   couldn t find kid   didn t bother tell authority hide room design house like hang house     year period worry inside    derrrrh    duuuuh    hackneyed use scare mechanism   child stand dark photograph   blood wallpaper    egotism director dvd feature describe crap work new original rendition   understand real horror movie lie entertain     x speed dvd player subtitle turn   entertain   reach end realize movie crap   draaaaaaaag   cinematic equivalent fatty shake   calorie horrid movie feeling director    ring    want attempt create similar mood   respect   film fail miserably       respect   jaume balaguer    opinion suck  
"""11012_10""",  I film time I impressed concern kind atmosphere director create   interesting imagine near future year        film lot set custom freaky modern today topic film deal old question    real illusion         matrix    find lot similarity   film comparable    welt draht    art    matrix    entertainment   prefer unfortunately I lose video copy  
"""12046_1""",  I movie theater pay money think mildly entertaining   thing I enjoy robin william crash car hill   end   kill   glenn close obnoxious   obviously old garp s mother   mother like garp s kid away department child family   robin william glaze donut look benign goodness sweet smarmy I   role play   funny person sad   tragic   good hearted victim   fisher king   good morning vietnam      dramatic    role   performance   long mini series   glenn close cold fish   remember fatal attraction   affair bad day single   feel spark michael dougla    glenn close warm screen    john lithgow interesting role   day use play serial killer bad guy   transsexual funny   garp people love movie sick   abnormal   dysfunctional people claim beautiful profound  
"""2331_2""",  I thrive cinema     limit   isn t movie    beginning movie mood expect unseen   remain hungry    angry     till end    thing confused I admit I understand end end nonesense   opportunity outstanding movie target totally miss      
"""8961_9""",  I exactly sure accuracy movie   I tell I thoroughly entertain movie   character gust play perfectly phillip seymour hoffman   unique   entertaining character recent memory   movie inform manage avoid preach audience   I laugh   I sad   I feel alive   glad spend time watch movie   time understand   roller coaster ride genuine   human emotion   I think I know history   apparently I didn t know   I         recommend adult   young adult   young heart   young   soon allow    r    rate movie   priority  
"""751_7""",  low budget memorable shocker instead emerge theater bizarre   vulnerable   naive nurse charlotte beale come secluded mental hospital completely unaware sane people murder   despite red flag constantly raise   lack decent budget filmmaker little sense style   cast wacky character   pleasure film don t come film s shock   fairly tame   weird atmosphere   delusional woman think baby doll real   s axe murder judge   shell shock war veteran   old mrs   callahan like everybody s daffy elderly grandmother amok   young patient allyson term    nymphomaniac    new meaning   big guy sam little slow botched lobotomy   jennifer vault suddenly catatonia violent outburst   sentient person place dr   master   secret    don t look basement    great example low budget exploitation film   isn t plot   cheapness work movie   cast member turn memorable performance   particularly betty chandler annabelle weenick   way director add little weird detail movie stick scene allyson    telephone man    classic time   especially delicious facial expression dr   master begin edge near finale movie   brownrigg great use cheap soundtrack   musical cue evoke character accompany   favorite cue    crazy    cue   sitar twang patient pathological wonderful way charlotte plunge hysteria climax   patient reveal dr   master simply inmate   suggest charlotte patient allow act delusion   certainly tenuous grip reality   question ominous lack phone service outside contact     scene charlotte manage finish barely alive dr   stephen toy boat great moment low budget horror   yes     don t look basement       american beauty    grade z trash  
"""9884_10""",  love want love film touch right place reviewer cynical impressed like stuff leave depressed day film ga run teed stay life I gratified director usc train validate premise mediocrity conformity film day usc lockstep mentality inbreede hooray jeff hare richard marcus   cast crew    
"""10016_8""",  I surprised I enjoy   sure bit slow   expect rollin   plenty nudity   wrong   particularly include lot gorgeous   brigitte lahaie   spectacularly eroticise female dead   bit dodgey     effective   sci fi like storyline brief explanation end   I wouldn t bother     interesting exploration memory effect memory loss extent   alive   memory   dvd sleeve mention david cronenberg whilst good good film   similarity   particularly great use seemingly menacing architecture effective creepy use inside space   I try indicate mean rip roar thriller   captivating   nightmare like movie location   include stunning railway setting end  
"""8023_10""",  picture scene   bored student day ahead   video shop special offer    video week rental   ex student usually grab pile video dubious quality arbitrary reason   turn anybody     occasionally odd undiscovered gem vcr    case film   film good   mesh provide rare    crack good film   uk cinema release I   especially consider crap wade multiplex week week   whilst I ll happily accept isn t oscar material   sod titanic    schmaltzy cgi tinge bollock   extremely enjoyable film   I try think way describe good film appreciate accept    perfect film watch bond dad   come home holiday   large sunday lunch  
"""2628_1""",  milo complete rip       slasher flick mikey   actually check film tagline want watch incredibly funny film absolutely plot whatsoever       film acting terrible flashback scene overwhelmingly confusing   story atrocity simple milo jeeder kid family problem father abortion doctor unborn feoutus s jar   nice    desperate child   figure way bring aborted child life               milo      aside bad act terrible direct annoying sound milo s voice ear pierce sound bell bike   away badness bad funny attempt film I ll bank bust       
"""5832_1""",  I come bangladesh     c c costigan goddess awesome sex   kid aside   friend I awake middle night   watch movie encore   action channel   come series sci fi esquire flick   robocop     bad     bad       judge dredd    stalone ruin career   movie lethal target   think title    lethal target    award cool   cheesy rambo knock   nay   deliver I like    semi softcore   semi pseudo action   semi sci fi film        actually   I think I isn t film   wasn t main character s sheer hotness   friend I ve turn movie opening credit roll I question people   I wouldn t dare    professional     film      future   use weaponry use        oh   wait   I   s hand      right            main character wear look like normal everyday linen shirt vest   kinda like people wear late ninety        oh      I      space   fashion statement            oh   main character pull      floppy disk point film upload bullshit     wtf        ve progress far space travel   haven t progress past      megabyte space    I guess I m ask question   let s    yes     softcore porn   real sex scene      minute I mean   reason people stay middle night crap   dare I   movie   anymore        whittle    minute   hell   ve sex scene sell porn movie   ve money    crap    c c cortigan hot   offense actress   act I   I m mentally retarded   testicle      c c   cortigan     e mail I     ll lunch   I write   I ve run space  
"""7302_1""",  I buy movie market stall year ago    I ta hand I sit watch    I think   ok   gon na big action b movie     obviously I wrong    watch film    I begin realise movie I planet    cr p I begin bored feed film    I want gon na happen end    I feel like nerve   people film ve bring know actor project    think     actor couldn t save film   end film    I feel like waste money    buy low life sucker film small money   month later   I send tape charity    I didn t want   sorry   think watch movie nod sleep    I highly recommend    I   I ll pro plus watch decent    disappoint        
"""4501_3""",    destroy planet    wind settle   destroy tokyo   film s end   space monster resemble giant squid fall reptilian furnace know gamera   actually   gamera save earth right   knock varian space ship     set film credit roll   scene switch japanese scout camp meet pair meddlesome young hero   jim masao   gamera s exploit kidnap alien beam aboard ship electrified bubble shield s pretty startling boy convince scientist let operate newly invent submarine defective   previously boy genius masao wire unit run reverse direction s control   dr   dobie didn t think check possibility   prepare boy interfere alien space ship s control play switcheroo bunch triangular block boss alien vira   activate videotron    hang seat rehashed footage early gamera movie battle barugon gyaos   bit screen time   match fast forward button want   long time vira address invisible crew   finally appear   oriental fly    imagine movie juvenile audience   s surprising gruesome scene   gamera draw blood come mind   pair space crew member decapitate   squid tentacle start emerge headless body I connection   alien   film   individual unit merge form giant vira neat device I guess appeal young kid reside identify young hero friend giant monster   pretty freely alien space ship   want help alien telepathy technology   movie presumably adult   simple case wish fulfillment  
"""1121_7""",  endless cookie cutter   kickboxer fight death amusement wealthy scumbag   film    s     y know   create word   death     blood     steel   word   ring     fight     match     cage   random generator     death match pretty good entry use genre   thank exciting fight scene surprisingly good acting kickboxer cast story concern buddy    ex kickboxe world champion john larson   play pug face middleweight kickboxing champ ian jacklin   probably previously know awful performance main villain ring fire     nick wallace   nick hill   likable guy probably know role street fighter sergio bloodsport     work l   dock load crate ship   discovery boxful gun brief fight later   hero jobless prop l   bar   sensible john larson decide head north look job   headstrong nick wallace hear guy pay good money fighter fight private kickboxing match     thing change     john      need I   I ll     predictably   isn t long nick miss good friend fight deadly   ring death   try find lead miss buddy sure   prize originality   like I   film strength lie action   cast real life fighter fairly good performance manage wring   ian jacklin particular surprise I   previously I d bad guy ring fire    bit tripe like steel ring   I ve amused bad actor   good fighter     death match   s pretty good   decent script haircut   prove charismatic lead man   friendship nick portray   jacklin hill nice chemistry believe character care   lose job   travel halfway country risk death save    I wish I friend like   nice matthia hue villainous henchman little depth use   villainous henchman   role   don t fool think s star s video cover       head stick body michael bernardo cover shootfight     good s screen   isn t   negative   film pretty slow s fighting   lot unnecessary scene   s gangster jimmie fiorello s pointless story grandfather      end fight disappointingly short   I enjoy   plenty fight   good   isn t martial art need   course eye candy   lovely form pretty renee ammann     pretty entertaining kickboxing movie  
"""8334_3""",  film start I feeling special   act camera work undoubtedly good   I like character grow empathise   film good atmosphere hint fantasy   film   plot appear takeoff roll scene scene   I unable understand connection story   I character occasionally bump reference ship bottle   connection   I leave unremarkable short story surprised canne
"""9789_10""",  I consider huge horror movie fan   night I want rent new horror movie fun     I rent milo   I surprised movie   scare hell outta I   s I   usually halloween scare I friend watch I   leave disturbed feeling   good feeling   ask I   watch horror movie   unaffected   s point movie original   didn t follow normal guideline horror movie   s movie like valentine bomb I course   leave unanswered question   horror movie   worth rent  
"""4230_10""",     installment   far good   I nt expectation I dvd   rd drag    delight fast pace slick punch line don t miss  
"""824_4""",  I compare film sacha cohen   borat ali g ali g immeasurably   I ts master piece   s film   borat complete garbage I understand rate ali g I finger   wrong ali g script   half joke write     year old   adult scriptwriter   number joke include mr cohen s low body tasteless   film actually come comedy valid joke funny   ali g member government scandalous stupid public   sadly true today s western society   people career stupid thing public    ali s advice immigrant policy   ali g overall remain sympathetic character   kind mentally underdeveloped age   s ok watch s funny watch borat   s awful intelligent movielover sick  
"""6803_9""",  endure classic mgm come closing year world war ii   s film young elizabeth taylor star   film child actress national velvet   come place movie assure   ironically biologically d grow fast national velvet struggle actress substantial adult role cast director innocent little velvet brown love jump horse I m sure work steeplechase horse confirm bloodline pi s subject deal national velvet   know s reckless untrainable horse hand reginald owen break free cause considerable damage   owen rid nominal price local butcher donald crisp time thing happen   mickey rooney come wander life brown family consist crisp   wife anne revere   daughter angela lansbury   juanita quigley   elizabeth taylor little brother butch jenkin   rooney jockey s open road head brown family father horse trainer anne revere s family   s potential pi   short pirate   steeplechase jumper s elizabeth convince crisp pass chance elizabeth taylor sweet innocent national velvet   good book faith like child spare   infuse rooney   faith heart ability pi leave little anne revere win good support actress award national velvet   s wise mother hide depth audience doesn t suspect   turn youth taste fame glory swim english channel prize money   save year   daughter   scene probably win oscar   national velvet win academy award   film edit     year debut national velvet family classic hasn t lose thing   depiction life world war great britain standout   national velvet launch movie legend   t high regard  
"""3086_7""",  funny film I like lot   cary elwe play robin hood tee     course   usual good vs evil robin evil sheriff nottingham   humor sort face stuff   work   comedy night don t want think   s worth rent  
"""1135_8""",  I like    greek life   I thing exaggerated   overall s pretty damn funny rusty likable lead character   roommate hilarious entire cast entertaining right   I like focus individual situation interpersonal relation organization cover   curse bad   abc family    favorite cappie   course    rusty s roommate pretty kappa tau   great launch pad I m excited door open   renew summer   abc family   like I   love love love   
"""10136_1""",  oh f cke hell   I start       stupid american non funny comedy pathetic acting poor humor   american way laugh track business thing bad   come I hear laughter   s funny happen   pretty stupid   eh   american people haven t hear far funny   wittier comedy    great brittain   america   simpson example    I simply t understand good    reba    long television   new offer   underestimate   possible   viewer way simply isn t funny   I live fact bad    reba     hell run finland   I second horrible rest day ruin I   word believe I    suck ass kind american    comedy    usually   simply horrible   favor   don t watch peace sh t   I leave commenting language   thank   possible   interest  
"""11129_3""",  boring movie   humorous   plain boring lengthy       minute movie    I believe cause lack action I rent movie   I expect white blood cell combat evil virus   luck   virus thwart defeat movie promise   little kiddy mind   meet potential   opinion  
"""2072_8""",  bbc filming shakespeare s classic play   version hamlet dispel particular impression shakespeare s rate play hamlet particularly tragic character   I feel sympathy   I didn t watch great actor like great derek jacobi role dane   patrick stewart claudius jonathan hyde rosencrantz   disguise lack passion storyline   good actor like jacobi inject passion   render entire role incomprehensible   I connect physicalisation character   kill I             speech right   action dagger clear character s suicidal intention point play support role   I write consequently play   enjoyable   notably lalla ward s loopy ophelia stewart s detailed interpretation claudius half hour   long good watch bite sized chunk   check interested prepare long watch  
"""9501_7""",  corned beef cabbage little romantic comedy clip scene scene exotic twist   imaginary scene costume party    center wife husband s   look break doldrum   play gloria swanson       lead man natural air convincing course swanson perfect kind mood   frivolous worried hopeful   game apparent lightheartedness old problem stay love stray love   s little corniness   director demille snappy believable   film period   subtitle tell   think   kind philosophical insight   justify tragedy   raciness    high purpose   probably instructional text   s narrative style   s kind quaint   look visual formal amazement   win t find   story   act   film precision economy   s great example   event come total surprise   s modern love story   set year ago   s gas   I swanson perfect  
"""319_10""",  favourite movie time   flawed piece work coppola documentary   heart darkness   compelling   coppola point king hollywood   godfather     godfatherii   develop ego necessary dare try movie like   apocalypse    sheer arrogance phillipine partial script think know   captain willard think know col   kurtz s compound   like willard   didn t know   masterpiece american cinema   beautifully photograph river perfect metaphor backdrop story   I like   apocalypse   offer answer conclusion   consequently   open endedness   infuriate viewer like movie obvious   movie defy categorization   war movie isn t   personal study man   good pic vietnam   platoon   opinion viewer seek retelling vietnam war answer   coppola commend bureaucracy war convey effectively meeting gen corman lucas   harrison ford   playmate review   sheer audacity kilgore unforgettable character dawn attack hollywood classic psychedelic cruise surreal ending movie accessible   challenging watch rewarding   I offer explanation scene totally pointless   movie intend interpretation contemplation oppose immediate gratification little footnote   definitely time viewer apocalypse   watch original version     redux   version   I think   intend hardcore fan curiosity   new improve   version movie
"""1693_7""",  aside fact woman film stunningly beautiful camp prisoner fat   film ring true chaos post war beautiful photography   powerful national expression polish national character s slow point   entire pacing different american western european film s refreshing lead actor good job   dvd version   interview principal actor crew   lead actress stanislawa celinska gain     lbs lose beauty          stunner  
"""10886_1""",  I nt simple   terrible film   I ve work industry   short   film   okay standard pretty high seriously   I absolutely hate film   I haven t comment imdb I hate film I literally come warn   piece sh t   writer director idiot idea write good film writing skill adolescent teenager   character unrealistic   lead woman doesn t think policeman s pistol resourceful improvise molotov cocktail        likable   hell I hate cheer die   I don t understand director try demon redneck idea   look like sloppy writing convenient bullsh t real thought I   officially bad movie I ve year   congratulation shiban   rank great micheal bay prestigious    nt allow waste million dollar film    club   I hope read   I        idiot rate film         bwahhahahahah oh god I hope redneck demon appear conveniently torture  
"""9406_8""",  great tv movie tell       murder martha moxley greenwich   connecticut nephew ethel kennedy   use    ghost    martha provide detail effective add lot heart story   christopher meloni capture personality mark fuhrman   furhman   underserved bad publicity o j   simpson trial certainly vindicate contribution bring killer justice     year  
"""10376_10""",  I surprised I like movie   remind I       version friday    th   number cheesy element   time cool   story line good   predictable horror movie   liner worthwhile   memorable scene worth watch   issue I plot continuity character   instance opening scene scarecrow   human stake   blood drain grow crop    look real   later film look like fake scarecrow wear blue colored mask   gap plot   acting mediocre   sound like real people talk   unlike hollywood movie dialogue fake sounding think   culmination scene   main character    I m baker   I m connell     lop head scarecrow satisfy   friend kill creature point  
"""9902_1""",  I t believe I actually spend hour life watch   unbelievable   predictable cheesy television movie I long time   I hope good special effect action   instead I spend entire time roll eye yell    oh come        screen   dialog shallow obvious   acting strain time story   isn t funny happen time     mention obvious nauseate end     I ve share disaster movie   I big fan actually   think pull completely unrealistic stuff long s fun way   definitely   insult intelligent viewer   think movie      
"""9938_8""",  young theater actress reluctantly accept major stage play lady macbeth thank mishap production s diva fall car   success win accolade   betty christina marsillach find instead horror responsible point terrorize cruel way stage manager boyfriend   stefano william mcnamara viciously stab knife watch   rope tie pillar uncle s vast mansion   eye close thank needle scotch tape eye   prick result blink   allow escape   betty find unfortunate position   specific gold chain find lady macbeth wardrobe tear shred madman kill series crow escape cage equipment room   clothing designer knock floor iron subsequently stab heinously pair scissor    cap nasty scene   chain fall throat killer cut open throat find   specifically elaborate act   dario use rip sound scissor optimum effect camera retreat victim s dead face    turn   inspector alan santini urbano barberini   play cold bland dario s request promise catch psycho betty rely remain friend comfort   theater director marco ian charleson   ghandi    chariot fire later die aid sad footnote   dario reveal interview charleson inform end shoot hiv positive attempt stage successful horror movie career despite reject critic   pal mira daria nicolodi   dario s squeeze    agent confident     serial killer drive showdown   course   occur theater marco add interesting change production use crow disposal I think dario savage    nihilistic   certainly later gruesome film    master horror entry sleepless suggest    film ante pure violence victim psychopath   method force betty watch admittedly gag dario regard type audience like look away horrific horror movie   I find rub eye time blink    brilliantly   dario shoot pricking point view achieve torment effect perspective scotch tape needle hold eye open    I like dario widen eye betty   horrify s force watch   little blood tear needle choice blink   photographic work ronnie taylor impeccable   crow s point view shoot theater end search killer     camera    travel    room theater follow killer wish muse box seat     dream sequence betty s memory event regard mother s death certain killer   don mask glove cause trauma present   highlight   opinion   peephole bullet fire sequence   masterly stage involved camera follow bullet shoot eye victim   explode head   telephone betty plan use help   crow peck eyeball killer    add vicious scene   crow eyeball roll s beak    aspect I didn t care   point naysayer film      final    end I personally feel bit unnecessary   I guess dario want point betty like mother   woman sadomasochistic tendency   twist   relate killer torment heroine   rock music use violent scene didn t bother I   I feel moment wicked graphic attack need jarring thud heavy metal provide  
